id,source_ref,path,action,target,work_package,stop_new_use,delete_when,change_detail,acceptance,verification
OLD-001,2a866cf138f6359f853db35e0a926ad79391b691,scripts/__init__.py,DELETE_AFTER_CUTOVER,—,WP05,WP04默认入口切换（先在新包内禁入）,WP05：替代行为/安装/legacy导入通过，静态与运行引用均为零；保留Git历史,旧包退出；新包不import旧命名空间；无对应业务行为需要迁移,AC-L05,T24 已退役:2026-09-22 引用扫描 living 面零残留(inventory/reference-scan.md);行为替代见 tests/rebuild;Git 历史保留
OLD-005,2a866cf138f6359f853db35e0a926ad79391b691,scripts/adapters/deck_pro_max_to_plan.py,RETIRE_THEN_DELETE,—,WP05,WP04默认入口切换（先在新包内禁入）,WP05：替代行为/安装/legacy导入通过，静态与运行引用均为零；保留Git历史,默认主线与发行包不继承；必要历史行为在固定旧Git引用中保留，相关有效测试先按矩阵迁移,AC-L05,T24 已退役:2026-09-22 引用扫描 living 面零残留(inventory/reference-scan.md);行为替代见 tests/rebuild;Git 历史保留
OLD-006,2a866cf138f6359f853db35e0a926ad79391b691,scripts/adapters/ppt_library_to_plan.py,RETIRE_THEN_DELETE,—,WP05,WP04默认入口切换（先在新包内禁入）,WP05：替代行为/安装/legacy导入通过，静态与运行引用均为零；保留Git历史,默认主线与发行包不继承；必要历史行为在固定旧Git引用中保留，相关有效测试先按矩阵迁移,AC-L05,T24 已退役:2026-09-22 引用扫描 living 面零残留(inventory/reference-scan.md);行为替代见 tests/rebuild;Git 历史保留
OLD-007,2a866cf138f6359f853db35e0a926ad79391b691,scripts/advisory/__init__.py,DELETE_AFTER_CUTOVER,—,WP05,WP04默认入口切换（先在新包内禁入）,WP05：替代行为/安装/legacy导入通过，静态与运行引用均为零；保留Git历史,旧包退出；新包不import旧命名空间；无对应业务行为需要迁移,AC-L05,T24 已退役:2026-09-22 引用扫描 living 面零残留(inventory/reference-scan.md);行为替代见 tests/rebuild;Git 历史保留
OLD-008,2a866cf138f6359f853db35e0a926ad79391b691,scripts/advisory/narrative.py,RETIRE_THEN_DELETE,—,WP05,WP04默认入口切换（先在新包内禁入）,WP05：替代行为/安装/legacy导入通过，静态与运行引用均为零；保留Git历史,默认主线与发行包不继承；必要历史行为在固定旧Git引用中保留，相关有效测试先按矩阵迁移,AC-L05,T24 已退役:2026-09-22 引用扫描 living 面零残留(inventory/reference-scan.md);行为替代见 tests/rebuild;Git 历史保留
OLD-009,2a866cf138f6359f853db35e0a926ad79391b691,scripts/assets/__init__.py,DELETE_AFTER_CUTOVER,—,WP05,WP04默认入口切换（先在新包内禁入）,WP05：替代行为/安装/legacy导入通过，静态与运行引用均为零；保留Git历史,旧包退出；新包不import旧命名空间；无对应业务行为需要迁移,AC-L05,T24 已退役:2026-09-22 引用扫描 living 面零残留(inventory/reference-scan.md);行为替代见 tests/rebuild;Git 历史保留
OLD-010,2a866cf138f6359f853db35e0a926ad79391b691,scripts/assets/archetype_tagger.py,RETIRE_THEN_DELETE,—,WP05,WP04默认入口切换（先在新包内禁入）,WP05：替代行为/安装/legacy导入通过，静态与运行引用均为零；保留Git历史,默认主线与发行包不继承；必要历史行为在固定旧Git引用中保留，相关有效测试先按矩阵迁移,AC-L05,T24 已退役:2026-09-22 引用扫描 living 面零残留(inventory/reference-scan.md);行为替代见 tests/rebuild;Git 历史保留
OLD-011,2a866cf138f6359f853db35e0a926ad79391b691,scripts/assets/canonical_id.py,EXTRACT_THEN_DELETE,src/deck_master/sources.py,WP01,WP04默认入口切换（先在新包内禁入）,WP05：替代行为/安装/legacy导入通过，静态与运行引用均为零；保留Git历史,可复用稳定来源/资产标识思想；禁止带回资产治理平台,AC-C06,T24 已退役:2026-09-22 引用扫描 living 面零残留(inventory/reference-scan.md);行为替代见 tests/rebuild;Git 历史保留
OLD-012,2a866cf138f6359f853db35e0a926ad79391b691,scripts/assets/feedback.py,RETIRE_THEN_DELETE,—,WP05,WP04默认入口切换（先在新包内禁入）,WP05：替代行为/安装/legacy导入通过，静态与运行引用均为零；保留Git历史,默认主线与发行包不继承；必要历史行为在固定旧Git引用中保留，相关有效测试先按矩阵迁移,AC-L05,T24 已退役:2026-09-22 引用扫描 living 面零残留(inventory/reference-scan.md);行为替代见 tests/rebuild;Git 历史保留
OLD-013,2a866cf138f6359f853db35e0a926ad79391b691,scripts/assets/health.py,RETIRE_THEN_DELETE,—,WP05,WP04默认入口切换（先在新包内禁入）,WP05：替代行为/安装/legacy导入通过，静态与运行引用均为零；保留Git历史,默认主线与发行包不继承；必要历史行为在固定旧Git引用中保留，相关有效测试先按矩阵迁移,AC-L05,T24 已退役:2026-09-22 引用扫描 living 面零残留(inventory/reference-scan.md);行为替代见 tests/rebuild;Git 历史保留
OLD-014,2a866cf138f6359f853db35e0a926ad79391b691,scripts/assets/ingest_library_results.py,RETIRE_THEN_DELETE,—,WP05,WP04默认入口切换（先在新包内禁入）,WP05：替代行为/安装/legacy导入通过，静态与运行引用均为零；保留Git历史,默认主线与发行包不继承；必要历史行为在固定旧Git引用中保留，相关有效测试先按矩阵迁移,AC-L05,T24 已退役:2026-09-22 引用扫描 living 面零残留(inventory/reference-scan.md);行为替代见 tests/rebuild;Git 历史保留
OLD-015,2a866cf138f6359f853db35e0a926ad79391b691,scripts/assets/schema.py,RETIRE_THEN_DELETE,—,WP05,WP04默认入口切换（先在新包内禁入）,WP05：替代行为/安装/legacy导入通过，静态与运行引用均为零；保留Git历史,默认主线与发行包不继承；必要历史行为在固定旧Git引用中保留，相关有效测试先按矩阵迁移,AC-L05,T24 已退役:2026-09-22 引用扫描 living 面零残留(inventory/reference-scan.md);行为替代见 tests/rebuild;Git 历史保留
OLD-016,2a866cf138f6359f853db35e0a926ad79391b691,scripts/assets/scoring.py,RETIRE_THEN_DELETE,—,WP05,WP04默认入口切换（先在新包内禁入）,WP05：替代行为/安装/legacy导入通过，静态与运行引用均为零；保留Git历史,默认主线与发行包不继承；必要历史行为在固定旧Git引用中保留，相关有效测试先按矩阵迁移,AC-L05,T24 已退役:2026-09-22 引用扫描 living 面零残留(inventory/reference-scan.md);行为替代见 tests/rebuild;Git 历史保留
OLD-017,2a866cf138f6359f853db35e0a926ad79391b691,scripts/benchmark/__init__.py,DELETE_AFTER_CUTOVER,—,WP05,WP04默认入口切换（先在新包内禁入）,WP05：替代行为/安装/legacy导入通过，静态与运行引用均为零；保留Git历史,旧包退出；新包不import旧命名空间；无对应业务行为需要迁移,AC-L05,T24 已退役:2026-09-22 引用扫描 living 面零残留(inventory/reference-scan.md);行为替代见 tests/rebuild;Git 历史保留
OLD-018,2a866cf138f6359f853db35e0a926ad79391b691,scripts/benchmark/aggregate.py,RETIRE_THEN_DELETE,—,WP05,WP04默认入口切换（先在新包内禁入）,WP05：替代行为/安装/legacy导入通过，静态与运行引用均为零；保留Git历史,默认主线与发行包不继承；必要历史行为在固定旧Git引用中保留，相关有效测试先按矩阵迁移,AC-L05,T24 已退役:2026-09-22 引用扫描 living 面零残留(inventory/reference-scan.md);行为替代见 tests/rebuild;Git 历史保留
OLD-019,2a866cf138f6359f853db35e0a926ad79391b691,scripts/benchmark/case.py,RETIRE_THEN_DELETE,—,WP05,WP04默认入口切换（先在新包内禁入）,WP05：替代行为/安装/legacy导入通过，静态与运行引用均为零；保留Git历史,默认主线与发行包不继承；必要历史行为在固定旧Git引用中保留，相关有效测试先按矩阵迁移,AC-L05,T24 已退役:2026-09-22 引用扫描 living 面零残留(inventory/reference-scan.md);行为替代见 tests/rebuild;Git 历史保留
OLD-020,2a866cf138f6359f853db35e0a926ad79391b691,scripts/benchmark/checkpoints.py,RETIRE_THEN_DELETE,—,WP05,WP04默认入口切换（先在新包内禁入）,WP05：替代行为/安装/legacy导入通过，静态与运行引用均为零；保留Git历史,默认主线与发行包不继承；必要历史行为在固定旧Git引用中保留，相关有效测试先按矩阵迁移,AC-L05,T24 已退役:2026-09-22 引用扫描 living 面零残留(inventory/reference-scan.md);行为替代见 tests/rebuild;Git 历史保留
OLD-021,2a866cf138f6359f853db35e0a926ad79391b691,scripts/benchmark/markdown.py,RETIRE_THEN_DELETE,—,WP05,WP04默认入口切换（先在新包内禁入）,WP05：替代行为/安装/legacy导入通过，静态与运行引用均为零；保留Git历史,默认主线与发行包不继承；必要历史行为在固定旧Git引用中保留，相关有效测试先按矩阵迁移,AC-L05,T24 已退役:2026-09-22 引用扫描 living 面零残留(inventory/reference-scan.md);行为替代见 tests/rebuild;Git 历史保留
OLD-022,2a866cf138f6359f853db35e0a926ad79391b691,scripts/benchmark/report.py,RETIRE_THEN_DELETE,—,WP05,WP04默认入口切换（先在新包内禁入）,WP05：替代行为/安装/legacy导入通过，静态与运行引用均为零；保留Git历史,默认主线与发行包不继承；必要历史行为在固定旧Git引用中保留，相关有效测试先按矩阵迁移,AC-L05,T24 已退役:2026-09-22 引用扫描 living 面零残留(inventory/reference-scan.md);行为替代见 tests/rebuild;Git 历史保留
OLD-023,2a866cf138f6359f853db35e0a926ad79391b691,scripts/benchmark/runner.py,RETIRE_THEN_DELETE,—,WP05,WP04默认入口切换（先在新包内禁入）,WP05：替代行为/安装/legacy导入通过，静态与运行引用均为零；保留Git历史,默认主线与发行包不继承；必要历史行为在固定旧Git引用中保留，相关有效测试先按矩阵迁移,AC-L05,T24 已退役:2026-09-22 引用扫描 living 面零残留(inventory/reference-scan.md);行为替代见 tests/rebuild;Git 历史保留
OLD-024,2a866cf138f6359f853db35e0a926ad79391b691,scripts/benchmark/scoring.py,RETIRE_THEN_DELETE,—,WP05,WP04默认入口切换（先在新包内禁入）,WP05：替代行为/安装/legacy导入通过，静态与运行引用均为零；保留Git历史,默认主线与发行包不继承；必要历史行为在固定旧Git引用中保留，相关有效测试先按矩阵迁移,AC-L05,T24 已退役:2026-09-22 引用扫描 living 面零残留(inventory/reference-scan.md);行为替代见 tests/rebuild;Git 历史保留
OLD-025,2a866cf138f6359f853db35e0a926ad79391b691,scripts/build/__init__.py,DELETE_AFTER_CUTOVER,—,WP05,WP04默认入口切换（先在新包内禁入）,WP05：替代行为/安装/legacy导入通过，静态与运行引用均为零；保留Git历史,旧包退出；新包不import旧命名空间；无对应业务行为需要迁移,AC-L05,T24 已退役:2026-09-22 引用扫描 living 面零残留(inventory/reference-scan.md);行为替代见 tests/rebuild;Git 历史保留
OLD-026,2a866cf138f6359f853db35e0a926ad79391b691,scripts/build/manifest.py,RETIRE_THEN_DELETE,—,WP05,WP04默认入口切换（先在新包内禁入）,WP05：替代行为/安装/legacy导入通过，静态与运行引用均为零；保留Git历史,默认主线与发行包不继承；必要历史行为在固定旧Git引用中保留，相关有效测试先按矩阵迁移,AC-L05,T24 已退役:2026-09-22 引用扫描 living 面零残留(inventory/reference-scan.md);行为替代见 tests/rebuild;Git 历史保留
OLD-027,2a866cf138f6359f853db35e0a926ad79391b691,scripts/capabilities/ppt_deck_pro_max.py,RETIRE_THEN_DELETE,—,WP05,WP04默认入口切换（先在新包内禁入）,WP05：替代行为/安装/legacy导入通过，静态与运行引用均为零；保留Git历史,默认主线与发行包不继承；必要历史行为在固定旧Git引用中保留，相关有效测试先按矩阵迁移,AC-L05,T24 已退役:2026-09-22 引用扫描 living 面零残留(inventory/reference-scan.md);行为替代见 tests/rebuild;Git 历史保留
OLD-028,2a866cf138f6359f853db35e0a926ad79391b691,scripts/connectors/__init__.py,DELETE_AFTER_CUTOVER,—,WP05,WP04默认入口切换（先在新包内禁入）,WP05：替代行为/安装/legacy导入通过，静态与运行引用均为零；保留Git历史,旧包退出；新包不import旧命名空间；无对应业务行为需要迁移,AC-L05,T24 已退役:2026-09-22 引用扫描 living 面零残留(inventory/reference-scan.md);行为替代见 tests/rebuild;Git 历史保留
OLD-029,2a866cf138f6359f853db35e0a926ad79391b691,scripts/connectors/import_contract.py,EXTRACT_THEN_DELETE,src/deck_master/sources.py,WP01,WP04默认入口切换（先在新包内禁入）,WP05：替代行为/安装/legacy导入通过，静态与运行引用均为零；保留Git历史,仅提取来源标识与传入资料接口；不引入连接器平台,AC-C01,T24 已退役:2026-09-22 引用扫描 living 面零残留(inventory/reference-scan.md);行为替代见 tests/rebuild;Git 历史保留
OLD-030,2a866cf138f6359f853db35e0a926ad79391b691,scripts/context_intake/__init__.py,DELETE_AFTER_CUTOVER,—,WP05,WP04默认入口切换（先在新包内禁入）,WP05：替代行为/安装/legacy导入通过，静态与运行引用均为零；保留Git历史,旧包退出；新包不import旧命名空间；无对应业务行为需要迁移,AC-L05,T24 已退役:2026-09-22 引用扫描 living 面零残留(inventory/reference-scan.md);行为替代见 tests/rebuild;Git 历史保留
OLD-031,2a866cf138f6359f853db35e0a926ad79391b691,scripts/context_intake/context_pack.py,EXTRACT_THEN_DELETE,src/deck_master/legacy.py;src/deck_master/sources.py,WP04,WP04默认入口切换（先在新包内禁入）,WP05：替代行为/安装/legacy导入通过，静态与运行引用均为零；保留Git历史,读取旧上下文与来源映射；不导入旧生产判定,AC-L01,T24 已退役:2026-09-22 引用扫描 living 面零残留(inventory/reference-scan.md);行为替代见 tests/rebuild;Git 历史保留
OLD-032,2a866cf138f6359f853db35e0a926ad79391b691,scripts/context_intake/local_sources.py,EXTRACT_THEN_DELETE,src/deck_master/sources.py,WP01,WP04默认入口切换（先在新包内禁入）,WP05：替代行为/安装/legacy导入通过，静态与运行引用均为零；保留Git历史,提取文件定位/散列/文本读取；删除截断摘要代替内容理解的用法,AC-C01,T24 已退役:2026-09-22 引用扫描 living 面零残留(inventory/reference-scan.md);行为替代见 tests/rebuild;Git 历史保留
OLD-033,2a866cf138f6359f853db35e0a926ad79391b691,scripts/conversation/__init__.py,DELETE_AFTER_CUTOVER,—,WP05,WP04默认入口切换（先在新包内禁入）,WP05：替代行为/安装/legacy导入通过，静态与运行引用均为零；保留Git历史,旧包退出；新包不import旧命名空间；无对应业务行为需要迁移,AC-L05,T24 已退役:2026-09-22 引用扫描 living 面零残留(inventory/reference-scan.md);行为替代见 tests/rebuild;Git 历史保留
OLD-034,2a866cf138f6359f853db35e0a926ad79391b691,scripts/conversation/brief_compiler.py,RETIRE_THEN_DELETE,—,WP05,WP04默认入口切换（先在新包内禁入）,WP05：替代行为/安装/legacy导入通过，静态与运行引用均为零；保留Git历史,默认主线与发行包不继承；必要历史行为在固定旧Git引用中保留，相关有效测试先按矩阵迁移,AC-L05,T24 已退役:2026-09-22 引用扫描 living 面零残留(inventory/reference-scan.md);行为替代见 tests/rebuild;Git 历史保留
OLD-035,2a866cf138f6359f853db35e0a926ad79391b691,scripts/conversation/session_builder.py,RETIRE_THEN_DELETE,—,WP05,WP04默认入口切换（先在新包内禁入）,WP05：替代行为/安装/legacy导入通过，静态与运行引用均为零；保留Git历史,默认主线与发行包不继承；必要历史行为在固定旧Git引用中保留，相关有效测试先按矩阵迁移,AC-L05,T24 已退役:2026-09-22 引用扫描 living 面零残留(inventory/reference-scan.md);行为替代见 tests/rebuild;Git 历史保留
OLD-002,2a866cf138f6359f853db35e0a926ad79391b691,scripts/deck_master.py,REPLACE,src/deck_master/cli.py,WP04,WP04默认入口切换（先在新包内禁入）,WP05：替代行为/安装/legacy导入通过，静态与运行引用均为零；保留Git历史,保留原路径为一次版本兼容薄转发；只转发有明确等价的命令，其余明确退役，不运行旧OS,AC-I04,T24 已退役:2026-09-22 引用扫描 living 面零残留(inventory/reference-scan.md);行为替代见 tests/rebuild;Git 历史保留
OLD-036,2a866cf138f6359f853db35e0a926ad79391b691,scripts/delivery/__init__.py,DELETE_AFTER_CUTOVER,—,WP05,WP04默认入口切换（先在新包内禁入）,WP05：替代行为/安装/legacy导入通过，静态与运行引用均为零；保留Git历史,旧包退出；新包不import旧命名空间；无对应业务行为需要迁移,AC-L05,T24 已退役:2026-09-22 引用扫描 living 面零残留(inventory/reference-scan.md);行为替代见 tests/rebuild;Git 历史保留
OLD-037,2a866cf138f6359f853db35e0a926ad79391b691,scripts/delivery/outcome.py,RETIRE_THEN_DELETE,—,WP05,WP04默认入口切换（先在新包内禁入）,WP05：替代行为/安装/legacy导入通过，静态与运行引用均为零；保留Git历史,默认主线与发行包不继承；必要历史行为在固定旧Git引用中保留，相关有效测试先按矩阵迁移,AC-L05,T24 已退役:2026-09-22 引用扫描 living 面零残留(inventory/reference-scan.md);行为替代见 tests/rebuild;Git 历史保留
OLD-038,2a866cf138f6359f853db35e0a926ad79391b691,scripts/delivery/validate.py,EXTRACT_THEN_DELETE,src/deck_master/export.py,WP03,WP04默认入口切换（先在新包内禁入）,WP05：替代行为/安装/legacy导入通过，静态与运行引用均为零；保留Git历史,保留实际页集合/文件校验；导出分审阅稿与正式交付，不依赖旧preview,AC-R09,T24 已退役:2026-09-22 引用扫描 living 面零残留(inventory/reference-scan.md);行为替代见 tests/rebuild;Git 历史保留
OLD-004,2a866cf138f6359f853db35e0a926ad79391b691,scripts/demo.sh,RETIRE_THEN_DELETE,—,WP05,WP04默认入口切换（先在新包内禁入）,WP05：替代行为/安装/legacy导入通过，静态与运行引用均为零；保留Git历史,默认主线与发行包不继承；必要历史行为在固定旧Git引用中保留，相关有效测试先按矩阵迁移,AC-L05,T24 已退役:2026-09-22 引用扫描 living 面零残留(inventory/reference-scan.md);行为替代见 tests/rebuild;Git 历史保留
OLD-039,2a866cf138f6359f853db35e0a926ad79391b691,scripts/feedback/library_feedback.py,RETIRE_THEN_DELETE,—,WP05,WP04默认入口切换（先在新包内禁入）,WP05：替代行为/安装/legacy导入通过，静态与运行引用均为零；保留Git历史,默认主线与发行包不继承；必要历史行为在固定旧Git引用中保留，相关有效测试先按矩阵迁移,AC-L05,T24 已退役:2026-09-22 引用扫描 living 面零残留(inventory/reference-scan.md);行为替代见 tests/rebuild;Git 历史保留
OLD-040,2a866cf138f6359f853db35e0a926ad79391b691,scripts/feedback/record_deal.py,RETIRE_THEN_DELETE,—,WP05,WP04默认入口切换（先在新包内禁入）,WP05：替代行为/安装/legacy导入通过，静态与运行引用均为零；保留Git历史,默认主线与发行包不继承；必要历史行为在固定旧Git引用中保留，相关有效测试先按矩阵迁移,AC-L05,T24 已退役:2026-09-22 引用扫描 living 面零残留(inventory/reference-scan.md);行为替代见 tests/rebuild;Git 历史保留
OLD-041,2a866cf138f6359f853db35e0a926ad79391b691,scripts/generation/__init__.py,DELETE_AFTER_CUTOVER,—,WP05,WP04默认入口切换（先在新包内禁入）,WP05：替代行为/安装/legacy导入通过，静态与运行引用均为零；保留Git历史,旧包退出；新包不import旧命名空间；无对应业务行为需要迁移,AC-L05,T24 已退役:2026-09-22 引用扫描 living 面零残留(inventory/reference-scan.md);行为替代见 tests/rebuild;Git 历史保留
OLD-042,2a866cf138f6359f853db35e0a926ad79391b691,scripts/generation/dispatch.py,RETIRE_THEN_DELETE,—,WP05,WP04默认入口切换（先在新包内禁入）,WP05：替代行为/安装/legacy导入通过，静态与运行引用均为零；保留Git历史,默认主线与发行包不继承；必要历史行为在固定旧Git引用中保留，相关有效测试先按矩阵迁移,AC-L05,T24 已退役:2026-09-22 引用扫描 living 面零残留(inventory/reference-scan.md);行为替代见 tests/rebuild;Git 历史保留
OLD-043,2a866cf138f6359f853db35e0a926ad79391b691,scripts/generation/handback.py,RETIRE_THEN_DELETE,—,WP05,WP04默认入口切换（先在新包内禁入）,WP05：替代行为/安装/legacy导入通过，静态与运行引用均为零；保留Git历史,默认主线与发行包不继承；必要历史行为在固定旧Git引用中保留，相关有效测试先按矩阵迁移,AC-L05,T24 已退役:2026-09-22 引用扫描 living 面零残留(inventory/reference-scan.md);行为替代见 tests/rebuild;Git 历史保留
OLD-044,2a866cf138f6359f853db35e0a926ad79391b691,scripts/generation/session.py,RETIRE_THEN_DELETE,—,WP05,WP04默认入口切换（先在新包内禁入）,WP05：替代行为/安装/legacy导入通过，静态与运行引用均为零；保留Git历史,默认主线与发行包不继承；必要历史行为在固定旧Git引用中保留，相关有效测试先按矩阵迁移,AC-L05,T24 已退役:2026-09-22 引用扫描 living 面零残留(inventory/reference-scan.md);行为替代见 tests/rebuild;Git 历史保留
OLD-045,2a866cf138f6359f853db35e0a926ad79391b691,scripts/generation/task_builder.py,RETIRE_THEN_DELETE,—,WP05,WP04默认入口切换（先在新包内禁入）,WP05：替代行为/安装/legacy导入通过，静态与运行引用均为零；保留Git历史,默认主线与发行包不继承；必要历史行为在固定旧Git引用中保留，相关有效测试先按矩阵迁移,AC-L05,T24 已退役:2026-09-22 引用扫描 living 面零残留(inventory/reference-scan.md);行为替代见 tests/rebuild;Git 历史保留
OLD-046,2a866cf138f6359f853db35e0a926ad79391b691,scripts/high_density/__init__.py,DELETE_AFTER_CUTOVER,—,WP05,WP04默认入口切换（先在新包内禁入）,WP05：替代行为/安装/legacy导入通过，静态与运行引用均为零；保留Git历史,旧包退出；新包不import旧命名空间；无对应业务行为需要迁移,AC-L05,T24 已退役:2026-09-22 引用扫描 living 面零残留(inventory/reference-scan.md);行为替代见 tests/rebuild;Git 历史保留
OLD-047,2a866cf138f6359f853db35e0a926ad79391b691,scripts/high_density/blueprint.py,EXTRACT_THEN_DELETE,src/deck_master/production.py,WP02,WP04默认入口切换（先在新包内禁入）,WP05：替代行为/安装/legacy导入通过，静态与运行引用均为零；保留Git历史,重建生成输入与来源记录；保留实际原图，删除时间/文件名/签章代替真实来源,AC-B02,T24 已退役:2026-09-22 引用扫描 living 面零残留(inventory/reference-scan.md);行为替代见 tests/rebuild;Git 历史保留
OLD-048,2a866cf138f6359f853db35e0a926ad79391b691,scripts/high_density/blueprint_content_review.py,EXTRACT_THEN_DELETE,src/deck_master/production.py;src/deck_master/review.py,WP02,WP04默认入口切换（先在新包内禁入）,WP05：替代行为/安装/legacy导入通过，静态与运行引用均为零；保留Git历史,保留阅图/裁切工具；归档不封顶；真正编辑新增文案，不默认空finding通过,AC-B03,T24 已退役:2026-09-22 引用扫描 living 面零残留(inventory/reference-scan.md);行为替代见 tests/rebuild;Git 历史保留
OLD-049,2a866cf138f6359f853db35e0a926ad79391b691,scripts/high_density/capability.py,EXTRACT_THEN_DELETE,src/deck_master/doctor.py,WP04,WP04默认入口切换（先在新包内禁入）,WP05：替代行为/安装/legacy导入通过，静态与运行引用均为零；保留Git历史,按实际步骤报告依赖；不把装好工具叫专业ready,AC-I02,T24 已退役:2026-09-22 引用扫描 living 面零残留(inventory/reference-scan.md);行为替代见 tests/rebuild;Git 历史保留
OLD-050,2a866cf138f6359f853db35e0a926ad79391b691,scripts/high_density/content.py,EXTRACT_THEN_DELETE,src/deck_master/content.py;src/deck_master/production.py,WP02,WP04默认入口切换（先在新包内禁入）,WP05：替代行为/安装/legacy导入通过，静态与运行引用均为零；保留Git历史,提取显式可见内容读取；设计/副标题/脚注/标签完整投影；旧MBB/词元证据/密度分退出,AC-B01,T24 已退役:2026-09-22 引用扫描 living 面零残留(inventory/reference-scan.md);行为替代见 tests/rebuild;Git 历史保留
OLD-051,2a866cf138f6359f853db35e0a926ad79391b691,scripts/high_density/contracts.py,EXTRACT_THEN_DELETE,src/deck_master/models.py;src/deck_master/store.py,WP01,WP04默认入口切换（先在新包内禁入）,WP05：替代行为/安装/legacy导入通过，静态与运行引用均为零；保留Git历史,只提取路径安全与校验辅助；不导入58个旧合同及整个engine,AC-I01,T24 已退役:2026-09-22 引用扫描 living 面零残留(inventory/reference-scan.md);行为替代见 tests/rebuild;Git 历史保留
OLD-052,2a866cf138f6359f853db35e0a926ad79391b691,scripts/high_density/engine.py,RETIRE_THEN_DELETE,—,WP05,WP04默认入口切换（先在新包内禁入）,WP05：替代行为/安装/legacy导入通过，静态与运行引用均为零；保留Git历史,默认主线与发行包不继承；必要历史行为在固定旧Git引用中保留，相关有效测试先按矩阵迁移,AC-L05,T24 已退役:2026-09-22 引用扫描 living 面零残留(inventory/reference-scan.md);行为替代见 tests/rebuild;Git 历史保留
OLD-053,2a866cf138f6359f853db35e0a926ad79391b691,scripts/high_density/icon_external_acceptance.py,RETIRE_THEN_DELETE,—,WP05,WP04默认入口切换（先在新包内禁入）,WP05：替代行为/安装/legacy导入通过，静态与运行引用均为零；保留Git历史,默认主线与发行包不继承；必要历史行为在固定旧Git引用中保留，相关有效测试先按矩阵迁移,AC-L05,T24 已退役:2026-09-22 引用扫描 living 面零残留(inventory/reference-scan.md);行为替代见 tests/rebuild;Git 历史保留
OLD-054,2a866cf138f6359f853db35e0a926ad79391b691,scripts/high_density/integrity.py,RETIRE_THEN_DELETE,—,WP05,WP04默认入口切换（先在新包内禁入）,WP05：替代行为/安装/legacy导入通过，静态与运行引用均为零；保留Git历史,默认主线与发行包不继承；必要历史行为在固定旧Git引用中保留，相关有效测试先按矩阵迁移,AC-L05,T24 已退役:2026-09-22 引用扫描 living 面零残留(inventory/reference-scan.md);行为替代见 tests/rebuild;Git 历史保留
OLD-055,2a866cf138f6359f853db35e0a926ad79391b691,scripts/high_density/main_review.py,RETIRE_THEN_DELETE,—,WP05,WP04默认入口切换（先在新包内禁入）,WP05：替代行为/安装/legacy导入通过，静态与运行引用均为零；保留Git历史,默认主线与发行包不继承；必要历史行为在固定旧Git引用中保留，相关有效测试先按矩阵迁移,AC-L05,T24 已退役:2026-09-22 引用扫描 living 面零残留(inventory/reference-scan.md);行为替代见 tests/rebuild;Git 历史保留
OLD-056,2a866cf138f6359f853db35e0a926ad79391b691,scripts/high_density/migration.py,EXTRACT_THEN_DELETE,src/deck_master/legacy.py,WP04,WP04默认入口切换（先在新包内禁入）,WP05：替代行为/安装/legacy导入通过，静态与运行引用均为零；保留Git历史,识别旧格式，不在新核心运行旧MBB迁移审批,AC-L01,T24 已退役:2026-09-22 引用扫描 living 面零残留(inventory/reference-scan.md);行为替代见 tests/rebuild;Git 历史保留
OLD-057,2a866cf138f6359f853db35e0a926ad79391b691,scripts/high_density/pptx.py,EXTRACT_THEN_DELETE,src/deck_master/compiler/drawingml.py;src/deck_master/compiler/text.py;src/deck_master/compiler/readback.py,WP02,WP04默认入口切换（先在新包内禁入）,WP05：替代行为/安装/legacy导入通过，静态与运行引用均为零；保留Git历史,拆出DrawingML、文字布局和实际读取；不带入审批与自证trace裁决,AC-K01,T24 已退役:2026-09-22 引用扫描 living 面零残留(inventory/reference-scan.md);行为替代见 tests/rebuild;Git 历史保留
OLD-058,2a866cf138f6359f853db35e0a926ad79391b691,scripts/high_density/provider_result.py,RETIRE_THEN_DELETE,—,WP05,WP04默认入口切换（先在新包内禁入）,WP05：替代行为/安装/legacy导入通过，静态与运行引用均为零；保留Git历史,默认主线与发行包不继承；必要历史行为在固定旧Git引用中保留，相关有效测试先按矩阵迁移,AC-L05,T24 已退役:2026-09-22 引用扫描 living 面零残留(inventory/reference-scan.md);行为替代见 tests/rebuild;Git 历史保留
OLD-059,2a866cf138f6359f853db35e0a926ad79391b691,scripts/high_density/provider_smoke.py,RETIRE_THEN_DELETE,—,WP05,WP04默认入口切换（先在新包内禁入）,WP05：替代行为/安装/legacy导入通过，静态与运行引用均为零；保留Git历史,默认主线与发行包不继承；必要历史行为在固定旧Git引用中保留，相关有效测试先按矩阵迁移,AC-L05,T24 已退役:2026-09-22 引用扫描 living 面零残留(inventory/reference-scan.md);行为替代见 tests/rebuild;Git 历史保留
OLD-060,2a866cf138f6359f853db35e0a926ad79391b691,scripts/high_density/review_policy.py,RETIRE_THEN_DELETE,—,WP05,WP04默认入口切换（先在新包内禁入）,WP05：替代行为/安装/legacy导入通过，静态与运行引用均为零；保留Git历史,默认主线与发行包不继承；必要历史行为在固定旧Git引用中保留，相关有效测试先按矩阵迁移,AC-L05,T24 已退役:2026-09-22 引用扫描 living 面零残留(inventory/reference-scan.md);行为替代见 tests/rebuild;Git 历史保留
OLD-061,2a866cf138f6359f853db35e0a926ad79391b691,scripts/high_density/scene.py,EXTRACT_THEN_DELETE,src/deck_master/compiler/ir.py;src/deck_master/content.py,WP02,WP04默认入口切换（先在新包内禁入）,WP05：替代行为/安装/legacy导入通过，静态与运行引用均为零；保留Git历史,仅提取必要映射；Scene改为派生IR，禁止要求Host双份手写,AC-B06,T24 已退役:2026-09-22 引用扫描 living 面零残留(inventory/reference-scan.md);行为替代见 tests/rebuild;Git 历史保留
OLD-062,2a866cf138f6359f853db35e0a926ad79391b691,scripts/high_density/self_review.py,RETIRE_THEN_DELETE,—,WP05,WP04默认入口切换（先在新包内禁入）,WP05：替代行为/安装/legacy导入通过，静态与运行引用均为零；保留Git历史,默认主线与发行包不继承；必要历史行为在固定旧Git引用中保留，相关有效测试先按矩阵迁移,AC-L05,T24 已退役:2026-09-22 引用扫描 living 面零残留(inventory/reference-scan.md);行为替代见 tests/rebuild;Git 历史保留
OLD-063,2a866cf138f6359f853db35e0a926ad79391b691,scripts/high_density/style.py,EXTRACT_THEN_DELETE,src/deck_master/production.py,WP02,WP04默认入口切换（先在新包内禁入）,WP05：替代行为/安装/legacy导入通过，静态与运行引用均为零；保留Git历史,提取风格输入/配色读取；不强制八选一或用户批准仪式,AC-B01,T24 已退役:2026-09-22 引用扫描 living 面零残留(inventory/reference-scan.md);行为替代见 tests/rebuild;Git 历史保留
OLD-064,2a866cf138f6359f853db35e0a926ad79391b691,scripts/high_density/svg.py,EXTRACT_THEN_DELETE,src/deck_master/compiler/svg.py;src/deck_master/compiler/text.py;src/deck_master/review.py,WP02,WP04默认入口切换（先在新包内禁入）,WP05：替代行为/安装/legacy导入通过，静态与运行引用均为零；保留Git历史,拆分SVG语法/文字布局检查与审阅；保留实际渲染工具，删除自动审阅通过写入,AC-R03,T24 已退役:2026-09-22 引用扫描 living 面零残留(inventory/reference-scan.md);行为替代见 tests/rebuild;Git 历史保留
OLD-065,2a866cf138f6359f853db35e0a926ad79391b691,scripts/high_density/svg_native.py,EXTRACT_THEN_DELETE,src/deck_master/compiler/svg.py;src/deck_master/compiler/geometry.py,WP02,WP04默认入口切换（先在新包内禁入）,WP05：替代行为/安装/legacy导入通过，静态与运行引用均为零；保留Git历史,跨B0/K0比较并提取解析/变换；修负斜率、圆边界、箭头与支持范围,AC-K02,T24 已退役:2026-09-22 引用扫描 living 面零残留(inventory/reference-scan.md);行为替代见 tests/rebuild;Git 历史保留
OLD-066,2a866cf138f6359f853db35e0a926ad79391b691,scripts/high_density/svg_paint.py,EXTRACT_THEN_DELETE,src/deck_master/compiler/paint.py,WP02,WP04默认入口切换（先在新包内禁入）,WP05：替代行为/安装/legacy导入通过，静态与运行引用均为零；保留Git历史,提取原生填充/描边/渐变；修0透明度与非等比变换处理,AC-K05,T24 已退役:2026-09-22 引用扫描 living 面零残留(inventory/reference-scan.md);行为替代见 tests/rebuild;Git 历史保留
OLD-067,2a866cf138f6359f853db35e0a926ad79391b691,scripts/high_density/user_decision.py,RETIRE_THEN_DELETE,—,WP05,WP04默认入口切换（先在新包内禁入）,WP05：替代行为/安装/legacy导入通过，静态与运行引用均为零；保留Git历史,默认主线与发行包不继承；必要历史行为在固定旧Git引用中保留，相关有效测试先按矩阵迁移,AC-L05,T24 已退役:2026-09-22 引用扫描 living 面零残留(inventory/reference-scan.md);行为替代见 tests/rebuild;Git 历史保留
OLD-068,2a866cf138f6359f853db35e0a926ad79391b691,scripts/high_density/visibility.py,EXTRACT_THEN_DELETE,src/deck_master/content.py;src/deck_master/review.py,WP03,WP04默认入口切换（先在新包内禁入）,WP05：替代行为/安装/legacy导入通过，静态与运行引用均为零；保留Git历史,保留明确内部字段与资料披露边界；不按普通词语全局否决,AC-R07,T24 已退役:2026-09-22 引用扫描 living 面零残留(inventory/reference-scan.md);行为替代见 tests/rebuild;Git 历史保留
OLD-069,2a866cf138f6359f853db35e0a926ad79391b691,scripts/high_density/visual.py,EXTRACT_THEN_DELETE,src/deck_master/review.py;src/deck_master/compiler/render.py,WP03,WP04默认入口切换（先在新包内禁入）,WP05：替代行为/安装/legacy导入通过，静态与运行引用均为零；保留Git历史,提取差异测量和局部图；删除空集合满覆盖/相关指标投票作为业务结论,AC-R04,T24 已退役:2026-09-22 引用扫描 living 面零残留(inventory/reference-scan.md);行为替代见 tests/rebuild;Git 历史保留
OLD-070,2a866cf138f6359f853db35e0a926ad79391b691,scripts/learning/__init__.py,DELETE_AFTER_CUTOVER,—,WP05,WP04默认入口切换（先在新包内禁入）,WP05：替代行为/安装/legacy导入通过，静态与运行引用均为零；保留Git历史,旧包退出；新包不import旧命名空间；无对应业务行为需要迁移,AC-L05,T24 已退役:2026-09-22 引用扫描 living 面零残留(inventory/reference-scan.md);行为替代见 tests/rebuild;Git 历史保留
OLD-071,2a866cf138f6359f853db35e0a926ad79391b691,scripts/learning/pack.py,RETIRE_THEN_DELETE,—,WP05,WP04默认入口切换（先在新包内禁入）,WP05：替代行为/安装/legacy导入通过，静态与运行引用均为零；保留Git历史,默认主线与发行包不继承；必要历史行为在固定旧Git引用中保留，相关有效测试先按矩阵迁移,AC-L05,T24 已退役:2026-09-22 引用扫描 living 面零残留(inventory/reference-scan.md);行为替代见 tests/rebuild;Git 历史保留
OLD-072,2a866cf138f6359f853db35e0a926ad79391b691,scripts/metrics/__init__.py,DELETE_AFTER_CUTOVER,—,WP05,WP04默认入口切换（先在新包内禁入）,WP05：替代行为/安装/legacy导入通过，静态与运行引用均为零；保留Git历史,旧包退出；新包不import旧命名空间；无对应业务行为需要迁移,AC-L05,T24 已退役:2026-09-22 引用扫描 living 面零残留(inventory/reference-scan.md);行为替代见 tests/rebuild;Git 历史保留
OLD-073,2a866cf138f6359f853db35e0a926ad79391b691,scripts/metrics/run_metrics.py,RETIRE_THEN_DELETE,—,WP05,WP04默认入口切换（先在新包内禁入）,WP05：替代行为/安装/legacy导入通过，静态与运行引用均为零；保留Git历史,默认主线与发行包不继承；必要历史行为在固定旧Git引用中保留，相关有效测试先按矩阵迁移,AC-L05,T24 已退役:2026-09-22 引用扫描 living 面零残留(inventory/reference-scan.md);行为替代见 tests/rebuild;Git 历史保留
OLD-074,2a866cf138f6359f853db35e0a926ad79391b691,scripts/narrative/__init__.py,DELETE_AFTER_CUTOVER,—,WP05,WP04默认入口切换（先在新包内禁入）,WP05：替代行为/安装/legacy导入通过，静态与运行引用均为零；保留Git历史,旧包退出；新包不import旧命名空间；无对应业务行为需要迁移,AC-L05,T24 已退役:2026-09-22 引用扫描 living 面零残留(inventory/reference-scan.md);行为替代见 tests/rebuild;Git 历史保留
OLD-075,2a866cf138f6359f853db35e0a926ad79391b691,scripts/narrative/claim_graph.py,RETIRE_THEN_DELETE,—,WP05,WP04默认入口切换（先在新包内禁入）,WP05：替代行为/安装/legacy导入通过，静态与运行引用均为零；保留Git历史,默认主线与发行包不继承；必要历史行为在固定旧Git引用中保留，相关有效测试先按矩阵迁移,AC-L05,T24 已退役:2026-09-22 引用扫描 living 面零残留(inventory/reference-scan.md);行为替代见 tests/rebuild;Git 历史保留
OLD-076,2a866cf138f6359f853db35e0a926ad79391b691,scripts/narrative/judgment_builder.py,RETIRE_THEN_DELETE,—,WP05,WP04默认入口切换（先在新包内禁入）,WP05：替代行为/安装/legacy导入通过，静态与运行引用均为零；保留Git历史,默认主线与发行包不继承；必要历史行为在固定旧Git引用中保留，相关有效测试先按矩阵迁移,AC-L05,T24 已退役:2026-09-22 引用扫描 living 面零残留(inventory/reference-scan.md);行为替代见 tests/rebuild;Git 历史保留
OLD-077,2a866cf138f6359f853db35e0a926ad79391b691,scripts/orchestrate/__init__.py,DELETE_AFTER_CUTOVER,—,WP05,WP04默认入口切换（先在新包内禁入）,WP05：替代行为/安装/legacy导入通过，静态与运行引用均为零；保留Git历史,旧包退出；新包不import旧命名空间；无对应业务行为需要迁移,AC-L05,T24 已退役:2026-09-22 引用扫描 living 面零残留(inventory/reference-scan.md);行为替代见 tests/rebuild;Git 历史保留
OLD-078,2a866cf138f6359f853db35e0a926ad79391b691,scripts/orchestrate/build_run.py,RETIRE_THEN_DELETE,—,WP05,WP04默认入口切换（先在新包内禁入）,WP05：替代行为/安装/legacy导入通过，静态与运行引用均为零；保留Git历史,默认主线与发行包不继承；必要历史行为在固定旧Git引用中保留，相关有效测试先按矩阵迁移,AC-L05,T24 已退役:2026-09-22 引用扫描 living 面零残留(inventory/reference-scan.md);行为替代见 tests/rebuild;Git 历史保留
OLD-079,2a866cf138f6359f853db35e0a926ad79391b691,scripts/orchestrate/export_queue.py,RETIRE_THEN_DELETE,—,WP05,WP04默认入口切换（先在新包内禁入）,WP05：替代行为/安装/legacy导入通过，静态与运行引用均为零；保留Git历史,默认主线与发行包不继承；必要历史行为在固定旧Git引用中保留，相关有效测试先按矩阵迁移,AC-L05,T24 已退役:2026-09-22 引用扫描 living 面零残留(inventory/reference-scan.md);行为替代见 tests/rebuild;Git 历史保留
OLD-080,2a866cf138f6359f853db35e0a926ad79391b691,scripts/orchestrate/preview_builder.py,RETIRE_THEN_DELETE,—,WP05,WP04默认入口切换（先在新包内禁入）,WP05：替代行为/安装/legacy导入通过，静态与运行引用均为零；保留Git历史,默认主线与发行包不继承；必要历史行为在固定旧Git引用中保留，相关有效测试先按矩阵迁移,AC-L05,T24 已退役:2026-09-22 引用扫描 living 面零残留(inventory/reference-scan.md);行为替代见 tests/rebuild;Git 历史保留
OLD-003,2a866cf138f6359f853db35e0a926ad79391b691,scripts/page_roles.py,EXTRACT_THEN_DELETE,src/deck_master/content.py,WP01,WP04默认入口切换（先在新包内禁入）,WP05：替代行为/安装/legacy导入通过，静态与运行引用均为零；保留Git历史,保留语义角色可选标签；不据角色强制内容或最低密度,AC-C02,T24 已退役:2026-09-22 引用扫描 living 面零残留(inventory/reference-scan.md);行为替代见 tests/rebuild;Git 历史保留
OLD-081,2a866cf138f6359f853db35e0a926ad79391b691,scripts/planning/__init__.py,DELETE_AFTER_CUTOVER,—,WP05,WP04默认入口切换（先在新包内禁入）,WP05：替代行为/安装/legacy导入通过，静态与运行引用均为零；保留Git历史,旧包退出；新包不import旧命名空间；无对应业务行为需要迁移,AC-L05,T24 已退役:2026-09-22 引用扫描 living 面零残留(inventory/reference-scan.md);行为替代见 tests/rebuild;Git 历史保留
OLD-082,2a866cf138f6359f853db35e0a926ad79391b691,scripts/planning/brief_intake.py,RETIRE_THEN_DELETE,—,WP05,WP04默认入口切换（先在新包内禁入）,WP05：替代行为/安装/legacy导入通过，静态与运行引用均为零；保留Git历史,默认主线与发行包不继承；必要历史行为在固定旧Git引用中保留，相关有效测试先按矩阵迁移,AC-L05,T24 已退役:2026-09-22 引用扫描 living 面零残留(inventory/reference-scan.md);行为替代见 tests/rebuild;Git 历史保留
OLD-083,2a866cf138f6359f853db35e0a926ad79391b691,scripts/planning/claim_map.py,RETIRE_THEN_DELETE,—,WP05,WP04默认入口切换（先在新包内禁入）,WP05：替代行为/安装/legacy导入通过，静态与运行引用均为零；保留Git历史,默认主线与发行包不继承；必要历史行为在固定旧Git引用中保留，相关有效测试先按矩阵迁移,AC-L05,T24 已退役:2026-09-22 引用扫描 living 面零残留(inventory/reference-scan.md);行为替代见 tests/rebuild;Git 历史保留
OLD-084,2a866cf138f6359f853db35e0a926ad79391b691,scripts/planning/narrative_planner.py,RETIRE_THEN_DELETE,—,WP05,WP04默认入口切换（先在新包内禁入）,WP05：替代行为/安装/legacy导入通过，静态与运行引用均为零；保留Git历史,默认主线与发行包不继承；必要历史行为在固定旧Git引用中保留，相关有效测试先按矩阵迁移,AC-L05,T24 已退役:2026-09-22 引用扫描 living 面零残留(inventory/reference-scan.md);行为替代见 tests/rebuild;Git 历史保留
OLD-085,2a866cf138f6359f853db35e0a926ad79391b691,scripts/planning/page_budget.py,RETIRE_THEN_DELETE,—,WP05,WP04默认入口切换（先在新包内禁入）,WP05：替代行为/安装/legacy导入通过，静态与运行引用均为零；保留Git历史,默认主线与发行包不继承；必要历史行为在固定旧Git引用中保留，相关有效测试先按矩阵迁移,AC-L05,T24 已退役:2026-09-22 引用扫描 living 面零残留(inventory/reference-scan.md);行为替代见 tests/rebuild;Git 历史保留
OLD-086,2a866cf138f6359f853db35e0a926ad79391b691,scripts/planning/page_tasks.py,RETIRE_THEN_DELETE,—,WP05,WP04默认入口切换（先在新包内禁入）,WP05：替代行为/安装/legacy导入通过，静态与运行引用均为零；保留Git历史,默认主线与发行包不继承；必要历史行为在固定旧Git引用中保留，相关有效测试先按矩阵迁移,AC-L05,T24 已退役:2026-09-22 引用扫描 living 面零残留(inventory/reference-scan.md);行为替代见 tests/rebuild;Git 历史保留
OLD-087,2a866cf138f6359f853db35e0a926ad79391b691,scripts/planning/sourcing_decider.py,RETIRE_THEN_DELETE,—,WP05,WP04默认入口切换（先在新包内禁入）,WP05：替代行为/安装/legacy导入通过，静态与运行引用均为零；保留Git历史,默认主线与发行包不继承；必要历史行为在固定旧Git引用中保留，相关有效测试先按矩阵迁移,AC-L05,T24 已退役:2026-09-22 引用扫描 living 面零残留(inventory/reference-scan.md);行为替代见 tests/rebuild;Git 历史保留
OLD-088,2a866cf138f6359f853db35e0a926ad79391b691,scripts/preview/manifest.py,RETIRE_THEN_DELETE,—,WP05,WP04默认入口切换（先在新包内禁入）,WP05：替代行为/安装/legacy导入通过，静态与运行引用均为零；保留Git历史,默认主线与发行包不继承；必要历史行为在固定旧Git引用中保留，相关有效测试先按矩阵迁移,AC-L05,T24 已退役:2026-09-22 引用扫描 living 面零残留(inventory/reference-scan.md);行为替代见 tests/rebuild;Git 历史保留
OLD-089,2a866cf138f6359f853db35e0a926ad79391b691,scripts/preview/run_workspace_screenshot_audit.py,RETIRE_THEN_DELETE,—,WP05,WP04默认入口切换（先在新包内禁入）,WP05：替代行为/安装/legacy导入通过，静态与运行引用均为零；保留Git历史,默认主线与发行包不继承；必要历史行为在固定旧Git引用中保留，相关有效测试先按矩阵迁移,AC-L05,T24 已退役:2026-09-22 引用扫描 living 面零残留(inventory/reference-scan.md);行为替代见 tests/rebuild;Git 历史保留
OLD-090,2a866cf138f6359f853db35e0a926ad79391b691,scripts/preview/server.py,EXTRACT_THEN_DELETE,src/deck_master/web.py,WP03,WP04默认入口切换（先在新包内禁入）,WP05：替代行为/安装/legacy导入通过，静态与运行引用均为零；保留Git历史,仅提取本地服务与文件查看经验；新接口直接读DocumentView,AC-U03,T24 已退役:2026-09-22 引用扫描 living 面零残留(inventory/reference-scan.md);行为替代见 tests/rebuild;Git 历史保留
OLD-093,2a866cf138f6359f853db35e0a926ad79391b691,scripts/preview/static/app.js,EXTRACT_THEN_DELETE,src/deck_master/resources/static/app.js,WP03,WP04默认入口切换（先在新包内禁入）,WP05：替代行为/安装/legacy导入通过，静态与运行引用均为零；保留Git历史,保留可用预览/导航交互，重写数据与动作；不混用旧API,AC-U02,T24 已退役:2026-09-22 引用扫描 living 面零残留(inventory/reference-scan.md);行为替代见 tests/rebuild;Git 历史保留
OLD-094,2a866cf138f6359f853db35e0a926ad79391b691,scripts/preview/static/index.html,EXTRACT_THEN_DELETE,src/deck_master/resources/static/index.html,WP03,WP04默认入口切换（先在新包内禁入）,WP05：替代行为/安装/legacy导入通过，静态与运行引用均为零；保留Git历史,提取可用三栏外壳；移除SkillOS、商机、批准队列假设,AC-U01,T24 已退役:2026-09-22 引用扫描 living 面零残留(inventory/reference-scan.md);行为替代见 tests/rebuild;Git 历史保留
OLD-095,2a866cf138f6359f853db35e0a926ad79391b691,scripts/preview/static/style.css,EXTRACT_THEN_DELETE,src/deck_master/resources/static/style.css,WP03,WP04默认入口切换（先在新包内禁入）,WP05：替代行为/安装/legacy导入通过，静态与运行引用均为零；保留Git历史,提取设计样式，不重做无关品牌装修,AC-U01,T24 已退役:2026-09-22 引用扫描 living 面零残留(inventory/reference-scan.md);行为替代见 tests/rebuild;Git 历史保留
OLD-091,2a866cf138f6359f853db35e0a926ad79391b691,scripts/preview/workspace_api.py,EXTRACT_THEN_DELETE,src/deck_master/view.py,WP03,WP04默认入口切换（先在新包内禁入）,WP05：替代行为/安装/legacy导入通过，静态与运行引用均为零；保留Git历史,重新实现页清单与状态，不能复制零页/ready推断,AC-U01,T24 已退役:2026-09-22 引用扫描 living 面零残留(inventory/reference-scan.md);行为替代见 tests/rebuild;Git 历史保留
OLD-092,2a866cf138f6359f853db35e0a926ad79391b691,scripts/preview/workspace_audit_scenarios.py,RETIRE_THEN_DELETE,—,WP05,WP04默认入口切换（先在新包内禁入）,WP05：替代行为/安装/legacy导入通过，静态与运行引用均为零；保留Git历史,默认主线与发行包不继承；必要历史行为在固定旧Git引用中保留，相关有效测试先按矩阵迁移,AC-L05,T24 已退役:2026-09-22 引用扫描 living 面零残留(inventory/reference-scan.md);行为替代见 tests/rebuild;Git 历史保留
OLD-096,2a866cf138f6359f853db35e0a926ad79391b691,scripts/production/__init__.py,DELETE_AFTER_CUTOVER,—,WP05,WP04默认入口切换（先在新包内禁入）,WP05：替代行为/安装/legacy导入通过，静态与运行引用均为零；保留Git历史,旧包退出；新包不import旧命名空间；无对应业务行为需要迁移,AC-L05,T24 已退役:2026-09-22 引用扫描 living 面零残留(inventory/reference-scan.md);行为替代见 tests/rebuild;Git 历史保留
OLD-097,2a866cf138f6359f853db35e0a926ad79391b691,scripts/production/page_package.py,EXTRACT_THEN_DELETE,src/deck_master/content.py;src/deck_master/models.py,WP01,WP04默认入口切换（先在新包内禁入）,WP05：替代行为/安装/legacy导入通过，静态与运行引用均为零；保留Git历史,可见正文/内部说明分离、身份校验；替换为v2显式正文块，不复制浅层扁平化,AC-C03,T24 已退役:2026-09-22 引用扫描 living 面零残留(inventory/reference-scan.md);行为替代见 tests/rebuild;Git 历史保留
OLD-098,2a866cf138f6359f853db35e0a926ad79391b691,scripts/quality/__init__.py,DELETE_AFTER_CUTOVER,—,WP05,WP04默认入口切换（先在新包内禁入）,WP05：替代行为/安装/legacy导入通过，静态与运行引用均为零；保留Git历史,旧包退出；新包不import旧命名空间；无对应业务行为需要迁移,AC-L05,T24 已退役:2026-09-22 引用扫描 living 面零残留(inventory/reference-scan.md);行为替代见 tests/rebuild;Git 历史保留
OLD-099,2a866cf138f6359f853db35e0a926ad79391b691,scripts/quality/brand_gate.py,EXTRACT_THEN_DELETE,src/deck_master/review.py,WP03,WP04默认入口切换（先在新包内禁入）,WP05：替代行为/安装/legacy导入通过，静态与运行引用均为零；保留Git历史,将实际品牌规则作为输入；缺品牌库不阻断正常创作,AC-R08,T24 已退役:2026-09-22 引用扫描 living 面零残留(inventory/reference-scan.md);行为替代见 tests/rebuild;Git 历史保留
OLD-100,2a866cf138f6359f853db35e0a926ad79391b691,scripts/quality/confidentiality_gate.py,EXTRACT_THEN_DELETE,src/deck_master/review.py,WP03,WP04默认入口切换（先在新包内禁入）,WP05：替代行为/安装/legacy导入通过，静态与运行引用均为零；保留Git历史,仅迁移用户声明的真实隐私限制与具体泄漏；不新增审批流程,AC-R07,T24 已退役:2026-09-22 引用扫描 living 面零残留(inventory/reference-scan.md);行为替代见 tests/rebuild;Git 历史保留
OLD-101,2a866cf138f6359f853db35e0a926ad79391b691,scripts/quality/context_conflict_gate.py,EXTRACT_THEN_DELETE,src/deck_master/content.py;src/deck_master/review.py,WP03,WP04默认入口切换（先在新包内禁入）,WP05：替代行为/安装/legacy导入通过，静态与运行引用均为零；保留Git历史,只保留实质来源冲突提示，不把数量/风险标记等价于专业判断,AC-C05,T24 已退役:2026-09-22 引用扫描 living 面零残留(inventory/reference-scan.md);行为替代见 tests/rebuild;Git 历史保留
OLD-102,2a866cf138f6359f853db35e0a926ad79391b691,scripts/quality/customer_visible_safety.py,EXTRACT_THEN_DELETE,src/deck_master/review.py,WP03,WP04默认入口切换（先在新包内禁入）,WP05：替代行为/安装/legacy导入通过，静态与运行引用均为零；保留Git历史,明确泄漏定位保留；普通业务术语不再P0；只用实际成品,AC-R07,T24 已退役:2026-09-22 引用扫描 living 面零残留(inventory/reference-scan.md);行为替代见 tests/rebuild;Git 历史保留
OLD-103,2a866cf138f6359f853db35e0a926ad79391b691,scripts/quality/draft_gate.py,RETIRE_THEN_DELETE,—,WP05,WP04默认入口切换（先在新包内禁入）,WP05：替代行为/安装/legacy导入通过，静态与运行引用均为零；保留Git历史,默认主线与发行包不继承；必要历史行为在固定旧Git引用中保留，相关有效测试先按矩阵迁移,AC-L05,T24 已退役:2026-09-22 引用扫描 living 面零残留(inventory/reference-scan.md);行为替代见 tests/rebuild;Git 历史保留
OLD-104,2a866cf138f6359f853db35e0a926ad79391b691,scripts/quality/draft_gate_v2.py,RETIRE_THEN_DELETE,—,WP05,WP04默认入口切换（先在新包内禁入）,WP05：替代行为/安装/legacy导入通过，静态与运行引用均为零；保留Git历史,默认主线与发行包不继承；必要历史行为在固定旧Git引用中保留，相关有效测试先按矩阵迁移,AC-L05,T24 已退役:2026-09-22 引用扫描 living 面零残留(inventory/reference-scan.md);行为替代见 tests/rebuild;Git 历史保留
OLD-105,2a866cf138f6359f853db35e0a926ad79391b691,scripts/quality/evidence_gate.py,EXTRACT_THEN_DELETE,src/deck_master/review.py,WP03,WP04默认入口切换（先在新包内禁入）,WP05：替代行为/安装/legacy导入通过，静态与运行引用均为零；保留Git历史,来源可达/引用精确及声明性质；移除只按存在即充分的结论,AC-C05,T24 已退役:2026-09-22 引用扫描 living 面零残留(inventory/reference-scan.md);行为替代见 tests/rebuild;Git 历史保留
OLD-106,2a866cf138f6359f853db35e0a926ad79391b691,scripts/quality/external_review.py,EXTRACT_THEN_DELETE,src/deck_master/review.py;src/deck_master/tasks.py,WP03,WP04默认入口切换（先在新包内禁入）,WP05：替代行为/安装/legacy导入通过，静态与运行引用均为零；保留Git历史,实际任务与观察可复用，按当前产物版本判断；不继承字符串独立性,AC-R05,T24 已退役:2026-09-22 引用扫描 living 面零残留(inventory/reference-scan.md);行为替代见 tests/rebuild;Git 历史保留
OLD-107,2a866cf138f6359f853db35e0a926ad79391b691,scripts/quality/gate_freshness.py,EXTRACT_THEN_DELETE,src/deck_master/review.py;src/deck_master/store.py,WP03,WP04默认入口切换（先在新包内禁入）,WP05：替代行为/安装/legacy导入通过，静态与运行引用均为零；保留Git历史,依赖新鲜度行为迁移到单一实现；不继承管理字段触发全部过期,AC-S04,T24 已退役:2026-09-22 引用扫描 living 面零残留(inventory/reference-scan.md);行为替代见 tests/rebuild;Git 历史保留
OLD-108,2a866cf138f6359f853db35e0a926ad79391b691,scripts/quality/gate_policy.py,RETIRE_THEN_DELETE,—,WP05,WP04默认入口切换（先在新包内禁入）,WP05：替代行为/安装/legacy导入通过，静态与运行引用均为零；保留Git历史,默认主线与发行包不继承；必要历史行为在固定旧Git引用中保留，相关有效测试先按矩阵迁移,AC-L05,T24 已退役:2026-09-22 引用扫描 living 面零残留(inventory/reference-scan.md);行为替代见 tests/rebuild;Git 历史保留
OLD-109,2a866cf138f6359f853db35e0a926ad79391b691,scripts/quality/gate_runner.py,RETIRE_THEN_DELETE,—,WP05,WP04默认入口切换（先在新包内禁入）,WP05：替代行为/安装/legacy导入通过，静态与运行引用均为零；保留Git历史,默认主线与发行包不继承；必要历史行为在固定旧Git引用中保留，相关有效测试先按矩阵迁移,AC-L05,T24 已退役:2026-09-22 引用扫描 living 面零残留(inventory/reference-scan.md);行为替代见 tests/rebuild;Git 历史保留
OLD-110,2a866cf138f6359f853db35e0a926ad79391b691,scripts/quality/overrides.py,RETIRE_THEN_DELETE,—,WP05,WP04默认入口切换（先在新包内禁入）,WP05：替代行为/安装/legacy导入通过，静态与运行引用均为零；保留Git历史,默认主线与发行包不继承；必要历史行为在固定旧Git引用中保留，相关有效测试先按矩阵迁移,AC-L05,T24 已退役:2026-09-22 引用扫描 living 面零残留(inventory/reference-scan.md);行为替代见 tests/rebuild;Git 历史保留
OLD-111,2a866cf138f6359f853db35e0a926ad79391b691,scripts/quality/pptx_audit.py,EXTRACT_THEN_DELETE,src/deck_master/compiler/readback.py;src/deck_master/review.py,WP03,WP04默认入口切换（先在新包内禁入）,WP05：替代行为/安装/legacy导入通过，静态与运行引用均为零；保留Git历史,提取XML文字/隐藏内容/页集合读回；删除空内容计数式专业评分,AC-R01,T24 已退役:2026-09-22 引用扫描 living 面零残留(inventory/reference-scan.md);行为替代见 tests/rebuild;Git 历史保留
OLD-112,2a866cf138f6359f853db35e0a926ad79391b691,scripts/quality/rubric.py,RETIRE_THEN_DELETE,—,WP05,WP04默认入口切换（先在新包内禁入）,WP05：替代行为/安装/legacy导入通过，静态与运行引用均为零；保留Git历史,默认主线与发行包不继承；必要历史行为在固定旧Git引用中保留，相关有效测试先按矩阵迁移,AC-L05,T24 已退役:2026-09-22 引用扫描 living 面零残留(inventory/reference-scan.md);行为替代见 tests/rebuild;Git 历史保留
OLD-113,2a866cf138f6359f853db35e0a926ad79391b691,scripts/review/__init__.py,DELETE_AFTER_CUTOVER,—,WP05,WP04默认入口切换（先在新包内禁入）,WP05：替代行为/安装/legacy导入通过，静态与运行引用均为零；保留Git历史,旧包退出；新包不import旧命名空间；无对应业务行为需要迁移,AC-L05,T24 已退役:2026-09-22 引用扫描 living 面零残留(inventory/reference-scan.md);行为替代见 tests/rebuild;Git 历史保留
OLD-114,2a866cf138f6359f853db35e0a926ad79391b691,scripts/review/readiness.py,RETIRE_THEN_DELETE,—,WP05,WP04默认入口切换（先在新包内禁入）,WP05：替代行为/安装/legacy导入通过，静态与运行引用均为零；保留Git历史,默认主线与发行包不继承；必要历史行为在固定旧Git引用中保留，相关有效测试先按矩阵迁移,AC-L05,T24 已退役:2026-09-22 引用扫描 living 面零残留(inventory/reference-scan.md);行为替代见 tests/rebuild;Git 历史保留
OLD-115,2a866cf138f6359f853db35e0a926ad79391b691,scripts/review/workbench.py,RETIRE_THEN_DELETE,—,WP05,WP04默认入口切换（先在新包内禁入）,WP05：替代行为/安装/legacy导入通过，静态与运行引用均为零；保留Git历史,默认主线与发行包不继承；必要历史行为在固定旧Git引用中保留，相关有效测试先按矩阵迁移,AC-L05,T24 已退役:2026-09-22 引用扫描 living 面零残留(inventory/reference-scan.md);行为替代见 tests/rebuild;Git 历史保留
OLD-116,2a866cf138f6359f853db35e0a926ad79391b691,scripts/runtime/__init__.py,DELETE_AFTER_CUTOVER,—,WP05,WP04默认入口切换（先在新包内禁入）,WP05：替代行为/安装/legacy导入通过，静态与运行引用均为零；保留Git历史,旧包退出；新包不import旧命名空间；无对应业务行为需要迁移,AC-L05,T24 已退役:2026-09-22 引用扫描 living 面零残留(inventory/reference-scan.md);行为替代见 tests/rebuild;Git 历史保留
OLD-117,2a866cf138f6359f853db35e0a926ad79391b691,scripts/runtime/artifact_validator.py,EXTRACT_THEN_DELETE,src/deck_master/review.py;src/deck_master/compiler/readback.py,WP03,WP04默认入口切换（先在新包内禁入）,WP05：替代行为/安装/legacy导入通过，静态与运行引用均为零；保留Git历史,只保留实际文件/页数/可读取检查；不继承旧交付门禁结构,AC-R01,T24 已退役:2026-09-22 引用扫描 living 面零残留(inventory/reference-scan.md);行为替代见 tests/rebuild;Git 历史保留
OLD-118,2a866cf138f6359f853db35e0a926ad79391b691,scripts/runtime/build.py,RETIRE_THEN_DELETE,—,WP05,WP04默认入口切换（先在新包内禁入）,WP05：替代行为/安装/legacy导入通过，静态与运行引用均为零；保留Git历史,默认主线与发行包不继承；必要历史行为在固定旧Git引用中保留，相关有效测试先按矩阵迁移,AC-L05,T24 已退役:2026-09-22 引用扫描 living 面零残留(inventory/reference-scan.md);行为替代见 tests/rebuild;Git 历史保留
OLD-119,2a866cf138f6359f853db35e0a926ad79391b691,scripts/runtime/builder_backend.py,RETIRE_THEN_DELETE,—,WP05,WP04默认入口切换（先在新包内禁入）,WP05：替代行为/安装/legacy导入通过，静态与运行引用均为零；保留Git历史,默认主线与发行包不继承；必要历史行为在固定旧Git引用中保留，相关有效测试先按矩阵迁移,AC-L05,T24 已退役:2026-09-22 引用扫描 living 面零残留(inventory/reference-scan.md);行为替代见 tests/rebuild;Git 历史保留
OLD-120,2a866cf138f6359f853db35e0a926ad79391b691,scripts/runtime/events.py,EXTRACT_THEN_DELETE,src/deck_master/tasks.py,WP01,WP04默认入口切换（先在新包内禁入）,WP05：替代行为/安装/legacy导入通过，静态与运行引用均为零；保留Git历史,只保留必要任务记录字段；事件不成为重放全部项目的另一权威,AC-S03,T24 已退役:2026-09-22 引用扫描 living 面零残留(inventory/reference-scan.md);行为替代见 tests/rebuild;Git 历史保留
OLD-121,2a866cf138f6359f853db35e0a926ad79391b691,scripts/runtime/final_approval.py,RETIRE_THEN_DELETE,—,WP05,WP04默认入口切换（先在新包内禁入）,WP05：替代行为/安装/legacy导入通过，静态与运行引用均为零；保留Git历史,默认主线与发行包不继承；必要历史行为在固定旧Git引用中保留，相关有效测试先按矩阵迁移,AC-L05,T24 已退役:2026-09-22 引用扫描 living 面零残留(inventory/reference-scan.md);行为替代见 tests/rebuild;Git 历史保留
OLD-122,2a866cf138f6359f853db35e0a926ad79391b691,scripts/runtime/final_readiness.py,RETIRE_THEN_DELETE,—,WP05,WP04默认入口切换（先在新包内禁入）,WP05：替代行为/安装/legacy导入通过，静态与运行引用均为零；保留Git历史,默认主线与发行包不继承；必要历史行为在固定旧Git引用中保留，相关有效测试先按矩阵迁移,AC-L05,T24 已退役:2026-09-22 引用扫描 living 面零残留(inventory/reference-scan.md);行为替代见 tests/rebuild;Git 历史保留
OLD-123,2a866cf138f6359f853db35e0a926ad79391b691,scripts/runtime/import_log.py,EXTRACT_THEN_DELETE,src/deck_master/legacy.py,WP04,WP04默认入口切换（先在新包内禁入）,WP05：替代行为/安装/legacy导入通过，静态与运行引用均为零；保留Git历史,导入来源、版本、未验证限制记录；不保留并行日志审批,AC-L02,T24 已退役:2026-09-22 引用扫描 living 面零残留(inventory/reference-scan.md);行为替代见 tests/rebuild;Git 历史保留
OLD-124,2a866cf138f6359f853db35e0a926ad79391b691,scripts/runtime/library_status.py,RETIRE_THEN_DELETE,—,WP05,WP04默认入口切换（先在新包内禁入）,WP05：替代行为/安装/legacy导入通过，静态与运行引用均为零；保留Git历史,默认主线与发行包不继承；必要历史行为在固定旧Git引用中保留，相关有效测试先按矩阵迁移,AC-L05,T24 已退役:2026-09-22 引用扫描 living 面零残留(inventory/reference-scan.md);行为替代见 tests/rebuild;Git 历史保留
OLD-125,2a866cf138f6359f853db35e0a926ad79391b691,scripts/runtime/next_step.py,RETIRE_THEN_DELETE,—,WP05,WP04默认入口切换（先在新包内禁入）,WP05：替代行为/安装/legacy导入通过，静态与运行引用均为零；保留Git历史,默认主线与发行包不继承；必要历史行为在固定旧Git引用中保留，相关有效测试先按矩阵迁移,AC-L05,T24 已退役:2026-09-22 引用扫描 living 面零残留(inventory/reference-scan.md);行为替代见 tests/rebuild;Git 历史保留
OLD-126,2a866cf138f6359f853db35e0a926ad79391b691,scripts/runtime/orchestration.py,EXTRACT_THEN_DELETE,src/deck_master/store.py;src/deck_master/content.py;src/deck_master/legacy.py,WP01,WP04默认入口切换（先在新包内禁入）,WP05：替代行为/安装/legacy导入通过，静态与运行引用均为零；保留Git历史,提取整稿接收/页增删重排/恢复行为；用写前验证和原子指针替换全目录备份,AC-S01,T24 已退役:2026-09-22 引用扫描 living 面零残留(inventory/reference-scan.md);行为替代见 tests/rebuild;Git 历史保留
OLD-127,2a866cf138f6359f853db35e0a926ad79391b691,scripts/runtime/rc_gate.py,RETIRE_THEN_DELETE,—,WP05,WP04默认入口切换（先在新包内禁入）,WP05：替代行为/安装/legacy导入通过，静态与运行引用均为零；保留Git历史,默认主线与发行包不继承；必要历史行为在固定旧Git引用中保留，相关有效测试先按矩阵迁移,AC-L05,T24 已退役:2026-09-22 引用扫描 living 面零残留(inventory/reference-scan.md);行为替代见 tests/rebuild;Git 历史保留
OLD-128,2a866cf138f6359f853db35e0a926ad79391b691,scripts/runtime/render.py,RETIRE_THEN_DELETE,—,WP05,WP04默认入口切换（先在新包内禁入）,WP05：替代行为/安装/legacy导入通过，静态与运行引用均为零；保留Git历史,默认主线与发行包不继承；必要历史行为在固定旧Git引用中保留，相关有效测试先按矩阵迁移,AC-L05,T24 已退役:2026-09-22 引用扫描 living 面零残留(inventory/reference-scan.md);行为替代见 tests/rebuild;Git 历史保留
OLD-129,2a866cf138f6359f853db35e0a926ad79391b691,scripts/runtime/render_handoff.py,RETIRE_THEN_DELETE,—,WP05,WP04默认入口切换（先在新包内禁入）,WP05：替代行为/安装/legacy导入通过，静态与运行引用均为零；保留Git历史,默认主线与发行包不继承；必要历史行为在固定旧Git引用中保留，相关有效测试先按矩阵迁移,AC-L05,T24 已退役:2026-09-22 引用扫描 living 面零残留(inventory/reference-scan.md);行为替代见 tests/rebuild;Git 历史保留
OLD-130,2a866cf138f6359f853db35e0a926ad79391b691,scripts/runtime/run_state.py,EXTRACT_THEN_DELETE,src/deck_master/store.py,WP01,WP04默认入口切换（先在新包内禁入）,WP05：替代行为/安装/legacy导入通过，静态与运行引用均为零；保留Git历史,只提取安全文件读写思想；不复制旧状态文件序列,AC-S02,T24 已退役:2026-09-22 引用扫描 living 面零残留(inventory/reference-scan.md);行为替代见 tests/rebuild;Git 历史保留
OLD-131,2a866cf138f6359f853db35e0a926ad79391b691,scripts/runtime/run_state_resolver.py,RETIRE_THEN_DELETE,—,WP05,WP04默认入口切换（先在新包内禁入）,WP05：替代行为/安装/legacy导入通过，静态与运行引用均为零；保留Git历史,默认主线与发行包不继承；必要历史行为在固定旧Git引用中保留，相关有效测试先按矩阵迁移,AC-L05,T24 已退役:2026-09-22 引用扫描 living 面零残留(inventory/reference-scan.md);行为替代见 tests/rebuild;Git 历史保留
OLD-132,2a866cf138f6359f853db35e0a926ad79391b691,scripts/runtime/schema.py,RETIRE_THEN_DELETE,—,WP05,WP04默认入口切换（先在新包内禁入）,WP05：替代行为/安装/legacy导入通过，静态与运行引用均为零；保留Git历史,默认主线与发行包不继承；必要历史行为在固定旧Git引用中保留，相关有效测试先按矩阵迁移,AC-L05,T24 已退役:2026-09-22 引用扫描 living 面零残留(inventory/reference-scan.md);行为替代见 tests/rebuild;Git 历史保留
OLD-133,2a866cf138f6359f853db35e0a926ad79391b691,scripts/runtime/setup_status.py,RETIRE_THEN_DELETE,—,WP05,WP04默认入口切换（先在新包内禁入）,WP05：替代行为/安装/legacy导入通过，静态与运行引用均为零；保留Git历史,默认主线与发行包不继承；必要历史行为在固定旧Git引用中保留，相关有效测试先按矩阵迁移,AC-L05,T24 已退役:2026-09-22 引用扫描 living 面零残留(inventory/reference-scan.md);行为替代见 tests/rebuild;Git 历史保留
OLD-134,2a866cf138f6359f853db35e0a926ad79391b691,scripts/runtime/skill_route.py,RETIRE_THEN_DELETE,—,WP05,WP04默认入口切换（先在新包内禁入）,WP05：替代行为/安装/legacy导入通过，静态与运行引用均为零；保留Git历史,默认主线与发行包不继承；必要历史行为在固定旧Git引用中保留，相关有效测试先按矩阵迁移,AC-L05,T24 已退役:2026-09-22 引用扫描 living 面零残留(inventory/reference-scan.md);行为替代见 tests/rebuild;Git 历史保留
OLD-135,2a866cf138f6359f853db35e0a926ad79391b691,scripts/runtime/sourcing_import.py,RETIRE_THEN_DELETE,—,WP05,WP04默认入口切换（先在新包内禁入）,WP05：替代行为/安装/legacy导入通过，静态与运行引用均为零；保留Git历史,默认主线与发行包不继承；必要历史行为在固定旧Git引用中保留，相关有效测试先按矩阵迁移,AC-L05,T24 已退役:2026-09-22 引用扫描 living 面零残留(inventory/reference-scan.md);行为替代见 tests/rebuild;Git 历史保留
OLD-136,2a866cf138f6359f853db35e0a926ad79391b691,scripts/runtime/tool_registry.py,RETIRE_THEN_DELETE,—,WP05,WP04默认入口切换（先在新包内禁入）,WP05：替代行为/安装/legacy导入通过，静态与运行引用均为零；保留Git历史,默认主线与发行包不继承；必要历史行为在固定旧Git引用中保留，相关有效测试先按矩阵迁移,AC-L05,T24 已退役:2026-09-22 引用扫描 living 面零残留(inventory/reference-scan.md);行为替代见 tests/rebuild;Git 历史保留
OLD-137,2a866cf138f6359f853db35e0a926ad79391b691,scripts/runtime/workspace_binding.py,RETIRE_THEN_DELETE,—,WP05,WP04默认入口切换（先在新包内禁入）,WP05：替代行为/安装/legacy导入通过，静态与运行引用均为零；保留Git历史,默认主线与发行包不继承；必要历史行为在固定旧Git引用中保留，相关有效测试先按矩阵迁移,AC-L05,T24 已退役:2026-09-22 引用扫描 living 面零残留(inventory/reference-scan.md);行为替代见 tests/rebuild;Git 历史保留
OLD-138,2a866cf138f6359f853db35e0a926ad79391b691,scripts/runtime/workspace_resolver.py,RETIRE_THEN_DELETE,—,WP05,WP04默认入口切换（先在新包内禁入）,WP05：替代行为/安装/legacy导入通过，静态与运行引用均为零；保留Git历史,默认主线与发行包不继承；必要历史行为在固定旧Git引用中保留，相关有效测试先按矩阵迁移,AC-L05,T24 已退役:2026-09-22 引用扫描 living 面零残留(inventory/reference-scan.md);行为替代见 tests/rebuild;Git 历史保留
OLD-139,2a866cf138f6359f853db35e0a926ad79391b691,scripts/skills/__init__.py,DELETE_AFTER_CUTOVER,—,WP05,WP04默认入口切换（先在新包内禁入）,WP05：替代行为/安装/legacy导入通过，静态与运行引用均为零；保留Git历史,旧包退出；新包不import旧命名空间；无对应业务行为需要迁移,AC-L05,T24 已退役:2026-09-22 引用扫描 living 面零残留(inventory/reference-scan.md);行为替代见 tests/rebuild;Git 历史保留
OLD-140,2a866cf138f6359f853db35e0a926ad79391b691,scripts/skills/installer.py,EXTRACT_THEN_DELETE,src/deck_master/install.py,WP04,WP04默认入口切换（先在新包内禁入）,WP05：替代行为/安装/legacy导入通过，静态与运行引用均为零；保留Git历史,提取释放树/启动器/回滚行为；不继承15Skill齐备/PPTMaster就绪,AC-I03,T24 已退役:2026-09-22 引用扫描 living 面零残留(inventory/reference-scan.md);行为替代见 tests/rebuild;Git 历史保留
OLD-141,2a866cf138f6359f853db35e0a926ad79391b691,scripts/skills/manifest.py,RETIRE_THEN_DELETE,—,WP05,WP04默认入口切换（先在新包内禁入）,WP05：替代行为/安装/legacy导入通过，静态与运行引用均为零；保留Git历史,默认主线与发行包不继承；必要历史行为在固定旧Git引用中保留，相关有效测试先按矩阵迁移,AC-L05,T24 已退役:2026-09-22 引用扫描 living 面零残留(inventory/reference-scan.md);行为替代见 tests/rebuild;Git 历史保留
OLD-142,2a866cf138f6359f853db35e0a926ad79391b691,scripts/skills/validator.py,EXTRACT_THEN_DELETE,src/deck_master/doctor.py,WP04,WP04默认入口切换（先在新包内禁入）,WP05：替代行为/安装/legacy导入通过，静态与运行引用均为零；保留Git历史,只检查本包资源/入口；不检查旧阶段合同齐备,AC-I02,T24 已退役:2026-09-22 引用扫描 living 面零残留(inventory/reference-scan.md);行为替代见 tests/rebuild;Git 历史保留
OLD-143,2a866cf138f6359f853db35e0a926ad79391b691,scripts/sourcing/__init__.py,DELETE_AFTER_CUTOVER,—,WP05,WP04默认入口切换（先在新包内禁入）,WP05：替代行为/安装/legacy导入通过，静态与运行引用均为零；保留Git历史,旧包退出；新包不import旧命名空间；无对应业务行为需要迁移,AC-L05,T24 已退役:2026-09-22 引用扫描 living 面零残留(inventory/reference-scan.md);行为替代见 tests/rebuild;Git 历史保留
OLD-144,2a866cf138f6359f853db35e0a926ad79391b691,scripts/sourcing/plan.py,RETIRE_THEN_DELETE,—,WP05,WP04默认入口切换（先在新包内禁入）,WP05：替代行为/安装/legacy导入通过，静态与运行引用均为零；保留Git历史,默认主线与发行包不继承；必要历史行为在固定旧Git引用中保留，相关有效测试先按矩阵迁移,AC-L05,T24 已退役:2026-09-22 引用扫描 living 面零残留(inventory/reference-scan.md);行为替代见 tests/rebuild;Git 历史保留
OLD-145,2a866cf138f6359f853db35e0a926ad79391b691,scripts/sourcing/reader.py,RETIRE_THEN_DELETE,—,WP05,WP04默认入口切换（先在新包内禁入）,WP05：替代行为/安装/legacy导入通过，静态与运行引用均为零；保留Git历史,默认主线与发行包不继承；必要历史行为在固定旧Git引用中保留，相关有效测试先按矩阵迁移,AC-L05,T24 已退役:2026-09-22 引用扫描 living 面零残留(inventory/reference-scan.md);行为替代见 tests/rebuild;Git 历史保留
OLD-146,2a866cf138f6359f853db35e0a926ad79391b691,scripts/team/__init__.py,DELETE_AFTER_CUTOVER,—,WP05,WP04默认入口切换（先在新包内禁入）,WP05：替代行为/安装/legacy导入通过，静态与运行引用均为零；保留Git历史,旧包退出；新包不import旧命名空间；无对应业务行为需要迁移,AC-L05,T24 已退役:2026-09-22 引用扫描 living 面零残留(inventory/reference-scan.md);行为替代见 tests/rebuild;Git 历史保留
OLD-147,2a866cf138f6359f853db35e0a926ad79391b691,scripts/team/approval.py,RETIRE_THEN_DELETE,—,WP05,WP04默认入口切换（先在新包内禁入）,WP05：替代行为/安装/legacy导入通过，静态与运行引用均为零；保留Git历史,默认主线与发行包不继承；必要历史行为在固定旧Git引用中保留，相关有效测试先按矩阵迁移,AC-L05,T24 已退役:2026-09-22 引用扫描 living 面零残留(inventory/reference-scan.md);行为替代见 tests/rebuild;Git 历史保留
OLD-148,2a866cf138f6359f853db35e0a926ad79391b691,scripts/team/dashboard.py,RETIRE_THEN_DELETE,—,WP05,WP04默认入口切换（先在新包内禁入）,WP05：替代行为/安装/legacy导入通过，静态与运行引用均为零；保留Git历史,默认主线与发行包不继承；必要历史行为在固定旧Git引用中保留，相关有效测试先按矩阵迁移,AC-L05,T24 已退役:2026-09-22 引用扫描 living 面零残留(inventory/reference-scan.md);行为替代见 tests/rebuild;Git 历史保留
OLD-149,2a866cf138f6359f853db35e0a926ad79391b691,scripts/team/identity.py,RETIRE_THEN_DELETE,—,WP05,WP04默认入口切换（先在新包内禁入）,WP05：替代行为/安装/legacy导入通过，静态与运行引用均为零；保留Git历史,默认主线与发行包不继承；必要历史行为在固定旧Git引用中保留，相关有效测试先按矩阵迁移,AC-L05,T24 已退役:2026-09-22 引用扫描 living 面零残留(inventory/reference-scan.md);行为替代见 tests/rebuild;Git 历史保留
OLD-150,2a866cf138f6359f853db35e0a926ad79391b691,scripts/team/opportunity.py,RETIRE_THEN_DELETE,—,WP05,WP04默认入口切换（先在新包内禁入）,WP05：替代行为/安装/legacy导入通过，静态与运行引用均为零；保留Git历史,默认主线与发行包不继承；必要历史行为在固定旧Git引用中保留，相关有效测试先按矩阵迁移,AC-L05,T24 已退役:2026-09-22 引用扫描 living 面零残留(inventory/reference-scan.md);行为替代见 tests/rebuild;Git 历史保留
OLD-151,2a866cf138f6359f853db35e0a926ad79391b691,scripts/team/solution_package.py,RETIRE_THEN_DELETE,—,WP05,WP04默认入口切换（先在新包内禁入）,WP05：替代行为/安装/legacy导入通过，静态与运行引用均为零；保留Git历史,默认主线与发行包不继承；必要历史行为在固定旧Git引用中保留，相关有效测试先按矩阵迁移,AC-L05,T24 已退役:2026-09-22 引用扫描 living 面零残留(inventory/reference-scan.md);行为替代见 tests/rebuild;Git 历史保留
OLD-152,2a866cf138f6359f853db35e0a926ad79391b691,scripts/tools/__init__.py,DELETE_AFTER_CUTOVER,—,WP05,WP04默认入口切换（先在新包内禁入）,WP05：替代行为/安装/legacy导入通过，静态与运行引用均为零；保留Git历史,旧包退出；新包不import旧命名空间；无对应业务行为需要迁移,AC-L05,T24 已退役:2026-09-22 引用扫描 living 面零残留(inventory/reference-scan.md);行为替代见 tests/rebuild;Git 历史保留
OLD-153,2a866cf138f6359f853db35e0a926ad79391b691,scripts/tools/deck_pro_max_client.py,RETIRE_THEN_DELETE,—,WP05,WP04默认入口切换（先在新包内禁入）,WP05：替代行为/安装/legacy导入通过，静态与运行引用均为零；保留Git历史,默认主线与发行包不继承；必要历史行为在固定旧Git引用中保留，相关有效测试先按矩阵迁移,AC-L05,T24 已退役:2026-09-22 引用扫描 living 面零残留(inventory/reference-scan.md);行为替代见 tests/rebuild;Git 历史保留
OLD-154,2a866cf138f6359f853db35e0a926ad79391b691,scripts/tools/ppt_library_client.py,RETIRE_THEN_DELETE,—,WP05,WP04默认入口切换（先在新包内禁入）,WP05：替代行为/安装/legacy导入通过，静态与运行引用均为零；保留Git历史,默认主线与发行包不继承；必要历史行为在固定旧Git引用中保留，相关有效测试先按矩阵迁移,AC-L05,T24 已退役:2026-09-22 引用扫描 living 面零残留(inventory/reference-scan.md);行为替代见 tests/rebuild;Git 历史保留
OLD-155,2a866cf138f6359f853db35e0a926ad79391b691,scripts/uat/__init__.py,DELETE_AFTER_CUTOVER,—,WP05,WP04默认入口切换（先在新包内禁入）,WP05：替代行为/安装/legacy导入通过，静态与运行引用均为零；保留Git历史,旧包退出；新包不import旧命名空间；无对应业务行为需要迁移,AC-L05,T24 已退役:2026-09-22 引用扫描 living 面零残留(inventory/reference-scan.md);行为替代见 tests/rebuild;Git 历史保留
OLD-156,2a866cf138f6359f853db35e0a926ad79391b691,scripts/uat/generation_tool.py,RETIRE_THEN_DELETE,—,WP05,WP04默认入口切换（先在新包内禁入）,WP05：替代行为/安装/legacy导入通过，静态与运行引用均为零；保留Git历史,默认主线与发行包不继承；必要历史行为在固定旧Git引用中保留，相关有效测试先按矩阵迁移,AC-L05,T24 已退役:2026-09-22 引用扫描 living 面零残留(inventory/reference-scan.md);行为替代见 tests/rebuild;Git 历史保留
OLD-157,2a866cf138f6359f853db35e0a926ad79391b691,scripts/uat/ppt_library.py,RETIRE_THEN_DELETE,—,WP05,WP04默认入口切换（先在新包内禁入）,WP05：替代行为/安装/legacy导入通过，静态与运行引用均为零；保留Git历史,默认主线与发行包不继承；必要历史行为在固定旧Git引用中保留，相关有效测试先按矩阵迁移,AC-L05,T24 已退役:2026-09-22 引用扫描 living 面零残留(inventory/reference-scan.md);行为替代见 tests/rebuild;Git 历史保留
OLD-158,2a866cf138f6359f853db35e0a926ad79391b691,scripts/uat/real_workflow_smoke.py,RETIRE_THEN_DELETE,—,WP05,WP04默认入口切换（先在新包内禁入）,WP05：替代行为/安装/legacy导入通过，静态与运行引用均为零；保留Git历史,默认主线与发行包不继承；必要历史行为在固定旧Git引用中保留，相关有效测试先按矩阵迁移,AC-L05,T24 已退役:2026-09-22 引用扫描 living 面零残留(inventory/reference-scan.md);行为替代见 tests/rebuild;Git 历史保留
OLD-159,2a866cf138f6359f853db35e0a926ad79391b691,scripts/uat/render_tool.py,RETIRE_THEN_DELETE,—,WP05,WP04默认入口切换（先在新包内禁入）,WP05：替代行为/安装/legacy导入通过，静态与运行引用均为零；保留Git历史,默认主线与发行包不继承；必要历史行为在固定旧Git引用中保留，相关有效测试先按矩阵迁移,AC-L05,T24 已退役:2026-09-22 引用扫描 living 面零残留(inventory/reference-scan.md);行为替代见 tests/rebuild;Git 历史保留
OLD-160,2a866cf138f6359f853db35e0a926ad79391b691,scripts/uat/report.py,RETIRE_THEN_DELETE,—,WP05,WP04默认入口切换（先在新包内禁入）,WP05：替代行为/安装/legacy导入通过，静态与运行引用均为零；保留Git历史,默认主线与发行包不继承；必要历史行为在固定旧Git引用中保留，相关有效测试先按矩阵迁移,AC-L05,T24 已退役:2026-09-22 引用扫描 living 面零残留(inventory/reference-scan.md);行为替代见 tests/rebuild;Git 历史保留
OLD-161,2a866cf138f6359f853db35e0a926ad79391b691,scripts/validators/__init__.py,DELETE_AFTER_CUTOVER,—,WP05,WP04默认入口切换（先在新包内禁入）,WP05：替代行为/安装/legacy导入通过，静态与运行引用均为零；保留Git历史,旧包退出；新包不import旧命名空间；无对应业务行为需要迁移,AC-L05,T24 已退役:2026-09-22 引用扫描 living 面零残留(inventory/reference-scan.md);行为替代见 tests/rebuild;Git 历史保留
OLD-162,2a866cf138f6359f853db35e0a926ad79391b691,scripts/validators/companion_tools.py,EXTRACT_THEN_DELETE,src/deck_master/legacy.py,WP04,WP04默认入口切换（先在新包内禁入）,WP05：替代行为/安装/legacy导入通过，静态与运行引用均为零；保留Git历史,只提取明确旧JSON的只读校验，不重新认证外部后端,AC-L01,T24 已退役:2026-09-22 引用扫描 living 面零残留(inventory/reference-scan.md);行为替代见 tests/rebuild;Git 历史保留
OLD-163,2a866cf138f6359f853db35e0a926ad79391b691,scripts/workflow/__init__.py,DELETE_AFTER_CUTOVER,—,WP05,WP04默认入口切换（先在新包内禁入）,WP05：替代行为/安装/legacy导入通过，静态与运行引用均为零；保留Git历史,旧包退出；新包不import旧命名空间；无对应业务行为需要迁移,AC-L05,T24 已退役:2026-09-22 引用扫描 living 面零残留(inventory/reference-scan.md);行为替代见 tests/rebuild;Git 历史保留
OLD-164,2a866cf138f6359f853db35e0a926ad79391b691,scripts/workflow/approval.py,RETIRE_THEN_DELETE,—,WP05,WP04默认入口切换（先在新包内禁入）,WP05：替代行为/安装/legacy导入通过，静态与运行引用均为零；保留Git历史,默认主线与发行包不继承；必要历史行为在固定旧Git引用中保留，相关有效测试先按矩阵迁移,AC-L05,T24 已退役:2026-09-22 引用扫描 living 面零残留(inventory/reference-scan.md);行为替代见 tests/rebuild;Git 历史保留
OLD-165,2a866cf138f6359f853db35e0a926ad79391b691,scripts/workflow/autopilot.py,RETIRE_THEN_DELETE,—,WP05,WP04默认入口切换（先在新包内禁入）,WP05：替代行为/安装/legacy导入通过，静态与运行引用均为零；保留Git历史,默认主线与发行包不继承；必要历史行为在固定旧Git引用中保留，相关有效测试先按矩阵迁移,AC-L05,T24 已退役:2026-09-22 引用扫描 living 面零残留(inventory/reference-scan.md);行为替代见 tests/rebuild;Git 历史保留
OLD-166,2a866cf138f6359f853db35e0a926ad79391b691,scripts/workflow/decisions.py,RETIRE_THEN_DELETE,—,WP05,WP04默认入口切换（先在新包内禁入）,WP05：替代行为/安装/legacy导入通过，静态与运行引用均为零；保留Git历史,默认主线与发行包不继承；必要历史行为在固定旧Git引用中保留，相关有效测试先按矩阵迁移,AC-L05,T24 已退役:2026-09-22 引用扫描 living 面零残留(inventory/reference-scan.md);行为替代见 tests/rebuild;Git 历史保留
OLD-167,2a866cf138f6359f853db35e0a926ad79391b691,scripts/workflow/fingerprint.py,EXTRACT_THEN_DELETE,src/deck_master/store.py,WP01,WP04默认入口切换（先在新包内禁入）,WP05：替代行为/安装/legacy导入通过，静态与运行引用均为零；保留Git历史,选择性提取哈希计算；分别计算正文、视觉、编译和审阅依赖,AC-S04,T24 已退役:2026-09-22 引用扫描 living 面零残留(inventory/reference-scan.md);行为替代见 tests/rebuild;Git 历史保留
OLD-168,2a866cf138f6359f853db35e0a926ad79391b691,scripts/workflow/handoff.py,RETIRE_THEN_DELETE,—,WP05,WP04默认入口切换（先在新包内禁入）,WP05：替代行为/安装/legacy导入通过，静态与运行引用均为零；保留Git历史,默认主线与发行包不继承；必要历史行为在固定旧Git引用中保留，相关有效测试先按矩阵迁移,AC-L05,T24 已退役:2026-09-22 引用扫描 living 面零残留(inventory/reference-scan.md);行为替代见 tests/rebuild;Git 历史保留
OLD-169,2a866cf138f6359f853db35e0a926ad79391b691,scripts/workflow/migration.py,RETIRE_THEN_DELETE,—,WP05,WP04默认入口切换（先在新包内禁入）,WP05：替代行为/安装/legacy导入通过，静态与运行引用均为零；保留Git历史,默认主线与发行包不继承；必要历史行为在固定旧Git引用中保留，相关有效测试先按矩阵迁移,AC-L05,T24 已退役:2026-09-22 引用扫描 living 面零残留(inventory/reference-scan.md);行为替代见 tests/rebuild;Git 历史保留
OLD-170,2a866cf138f6359f853db35e0a926ad79391b691,scripts/workflow/policy.py,RETIRE_THEN_DELETE,—,WP05,WP04默认入口切换（先在新包内禁入）,WP05：替代行为/安装/legacy导入通过，静态与运行引用均为零；保留Git历史,默认主线与发行包不继承；必要历史行为在固定旧Git引用中保留，相关有效测试先按矩阵迁移,AC-L05,T24 已退役:2026-09-22 引用扫描 living 面零残留(inventory/reference-scan.md);行为替代见 tests/rebuild;Git 历史保留
OLD-171,2a866cf138f6359f853db35e0a926ad79391b691,scripts/workflow/questions.py,RETIRE_THEN_DELETE,—,WP05,WP04默认入口切换（先在新包内禁入）,WP05：替代行为/安装/legacy导入通过，静态与运行引用均为零；保留Git历史,默认主线与发行包不继承；必要历史行为在固定旧Git引用中保留，相关有效测试先按矩阵迁移,AC-L05,T24 已退役:2026-09-22 引用扫描 living 面零残留(inventory/reference-scan.md);行为替代见 tests/rebuild;Git 历史保留
OLD-172,2a866cf138f6359f853db35e0a926ad79391b691,scripts/workflow/stage_checks.py,RETIRE_THEN_DELETE,—,WP05,WP04默认入口切换（先在新包内禁入）,WP05：替代行为/安装/legacy导入通过，静态与运行引用均为零；保留Git历史,默认主线与发行包不继承；必要历史行为在固定旧Git引用中保留，相关有效测试先按矩阵迁移,AC-L05,T24 已退役:2026-09-22 引用扫描 living 面零残留(inventory/reference-scan.md);行为替代见 tests/rebuild;Git 历史保留
OLD-173,2a866cf138f6359f853db35e0a926ad79391b691,scripts/workflow/state.py,RETIRE_THEN_DELETE,—,WP05,WP04默认入口切换（先在新包内禁入）,WP05：替代行为/安装/legacy导入通过，静态与运行引用均为零；保留Git历史,默认主线与发行包不继承；必要历史行为在固定旧Git引用中保留，相关有效测试先按矩阵迁移,AC-L05,T24 已退役:2026-09-22 引用扫描 living 面零残留(inventory/reference-scan.md);行为替代见 tests/rebuild;Git 历史保留
OLD-174,2a866cf138f6359f853db35e0a926ad79391b691,scripts/workflow/validator.py,RETIRE_THEN_DELETE,—,WP05,WP04默认入口切换（先在新包内禁入）,WP05：替代行为/安装/legacy导入通过，静态与运行引用均为零；保留Git历史,默认主线与发行包不继承；必要历史行为在固定旧Git引用中保留，相关有效测试先按矩阵迁移,AC-L05,T24 已退役:2026-09-22 引用扫描 living 面零残留(inventory/reference-scan.md);行为替代见 tests/rebuild;Git 历史保留
OLD-175,2a866cf138f6359f853db35e0a926ad79391b691,scripts/workspace/__init__.py,DELETE_AFTER_CUTOVER,—,WP05,WP04默认入口切换（先在新包内禁入）,WP05：替代行为/安装/legacy导入通过，静态与运行引用均为零；保留Git历史,旧包退出；新包不import旧命名空间；无对应业务行为需要迁移,AC-L05,T24 已退役:2026-09-22 引用扫描 living 面零残留(inventory/reference-scan.md);行为替代见 tests/rebuild;Git 历史保留
OLD-176,2a866cf138f6359f853db35e0a926ad79391b691,scripts/workspace/foundation.py,RETIRE_THEN_DELETE,—,WP05,WP04默认入口切换（先在新包内禁入）,WP05：替代行为/安装/legacy导入通过，静态与运行引用均为零；保留Git历史,默认主线与发行包不继承；必要历史行为在固定旧Git引用中保留，相关有效测试先按矩阵迁移,AC-L05,T24 已退役:2026-09-22 引用扫描 living 面零残留(inventory/reference-scan.md);行为替代见 tests/rebuild;Git 历史保留
OLD-177,2a866cf138f6359f853db35e0a926ad79391b691,scripts/workspace/project_init.py,RETIRE_THEN_DELETE,—,WP05,WP04默认入口切换（先在新包内禁入）,WP05：替代行为/安装/legacy导入通过，静态与运行引用均为零；保留Git历史,默认主线与发行包不继承；必要历史行为在固定旧Git引用中保留，相关有效测试先按矩阵迁移,AC-L05,T24 已退役:2026-09-22 引用扫描 living 面零残留(inventory/reference-scan.md);行为替代见 tests/rebuild;Git 历史保留
